{"cameraMode":{"drawMode":0,"name":"Shaded","section":"Shading Mode"},"sceneLighting":false,"audioPlay":false,"sceneViewState":{"showFog":true,"showMaterialUpdate":false,"showSkybox":false,"showFlares":true,"showImageEffects":true,"showParticleSystems":true},"in2DMode":false,"pivot":{"x":-1516.952880859375,"y":52.66194152832031,"z":2534.0},"rotation":{"x":-0.10756289958953858,"y":0.7454854846000671,"z":-0.12413370609283447,"w":-0.6459687948226929},"size":750.6499633789063,"orthographic":false}